{
  "type": "prapor:nether_feather",
  "config": {
    "features": [
      {
        "feature": {
          "type": "minecraft:random_patch",
          "config": {
            "tries": 96,
            "y_spread": 1,
            "feature": {
              "feature": {
                "type": "minecraft:simple_block",
                "config": {
                  "to_place": {
                    "type": "minecraft:simple_state_provider",
                    "state": {
                      "Name": "minecraft:netherrack"
                    }
                  }
                }
              },
              "placement": [
                {
                  "type": "minecraft:block_predicate_filter",
                  "predicate": {
                    "type": "minecraft:matching_blocks",
                    "blocks": "minecraft:air"
                  }
                }
              ]
            }
          }
        },
        "placement": []
      },
      {
        "feature": {
          "type": "minecraft:random_patch",
          "config": {
            "tries": 96,
            "y_spread": 1,
            "feature": {
              "feature": {
                "type": "minecraft:simple_block",
                "config": {
                  "to_place": {
                    "type": "minecraft:simple_state_provider",
                    "state": {
                      "Name": "minecraft:nether_gold_ore"
                    }
                  }
                }
              },
              "placement": [
                {
                  "type": "minecraft:block_predicate_filter",
                  "predicate": {
                    "type": "minecraft:matching_blocks",
                    "blocks": "minecraft:air"
                  }
                }
              ]
            }
          }
        },
        "placement": []
      },
      {
        "feature": {
          "type": "minecraft:random_patch",
          "config": {
            "tries": 96,
            "y_spread": 1,
            "feature": {
              "feature": {
                "type": "minecraft:simple_block",
                "config": {
                  "to_place": {
                    "type": "minecraft:simple_state_provider",
                    "state": {
                      "Name": "minecraft:soul_soil"
                    }
                  }
                }
              },
              "placement": [
                {
                  "type": "minecraft:block_predicate_filter",
                  "predicate": {
                    "type": "minecraft:matching_blocks",
                    "blocks": "minecraft:air"
                  }
                }
              ]
            }
          }
        },
        "placement": []
      }
    ]
  }
}